{
  "trim_start_time": 0.12417233560090703,
  "trim_end_time": 22.274739229024945
}